PERMNO,date,TICKER
10107,20201201,MSFT
10107,20201202,MSFT
10107,20201203,MSFT
10107,20201204,MSFT
10107,20201207,MSFT
10107,20201208,MSFT
10107,20201209,MSFT
10107,20201210,MSFT
10107,20201211,MSFT
10107,20201214,MSFT
10107,20201215,MSFT
10107,20201216,MSFT
10107,20201217,MSFT
10107,20201218,MSFT
10107,20201221,MSFT
10107,20201222,MSFT
10107,20201223,MSFT
10107,20201224,MSFT
10107,20201228,MSFT
10107,20201229,MSFT
10107,20201230,MSFT
10107,20201231,MSFT
11850,20201201,XOM
11850,20201202,XOM
11850,20201203,XOM
11850,20201204,XOM
11850,20201207,XOM
11850,20201208,XOM
11850,20201209,XOM
11850,20201210,XOM
11850,20201211,XOM
11850,20201214,XOM
11850,20201215,XOM
11850,20201216,XOM
11850,20201217,XOM
11850,20201218,XOM
11850,20201221,XOM
11850,20201222,XOM
11850,20201223,XOM
11850,20201224,XOM
11850,20201228,XOM
11850,20201229,XOM
11850,20201230,XOM
11850,20201231,XOM
12060,20201201,GE
12060,20201202,GE
12060,20201203,GE
12060,20201204,GE
12060,20201207,GE
12060,20201208,GE
12060,20201209,GE
12060,20201210,GE
12060,20201211,GE
12060,20201214,GE
12060,20201215,GE
12060,20201216,GE
12060,20201217,GE
12060,20201218,GE
12060,20201221,GE
12060,20201222,GE
12060,20201223,GE
12060,20201224,GE
12060,20201228,GE
12060,20201229,GE
12060,20201230,GE
12060,20201231,GE
12339,20201201,TAL
12339,20201202,TAL
12339,20201203,TAL
12339,20201204,TAL
12339,20201207,TAL
12339,20201208,TAL
12339,20201209,TAL
12339,20201210,TAL
12339,20201211,TAL
12339,20201214,TAL
12339,20201215,TAL
12339,20201216,TAL
12339,20201217,TAL
12339,20201218,TAL
12339,20201221,TAL
12339,20201222,TAL
12339,20201223,TAL
12339,20201224,TAL
12339,20201228,TAL
12339,20201229,TAL
12339,20201230,TAL
12339,20201231,TAL
12369,20201201,GM
12369,20201202,GM
12369,20201203,GM
12369,20201204,GM
12369,20201207,GM
12369,20201208,GM
12369,20201209,GM
12369,20201210,GM
12369,20201211,GM
12369,20201214,GM
12369,20201215,GM
12369,20201216,GM
12369,20201217,GM
12369,20201218,GM
12369,20201221,GM
12369,20201222,GM
12369,20201223,GM
12369,20201224,GM
12369,20201228,GM
12369,20201229,GM
12369,20201230,GM
12369,20201231,GM
12490,20201201,IBM
12490,20201202,IBM
12490,20201203,IBM
12490,20201204,IBM
12490,20201207,IBM
12490,20201208,IBM
12490,20201209,IBM
12490,20201210,IBM
12490,20201211,IBM
12490,20201214,IBM
12490,20201215,IBM
12490,20201216,IBM
12490,20201217,IBM
12490,20201218,IBM
12490,20201221,IBM
12490,20201222,IBM
12490,20201223,IBM
12490,20201224,IBM
12490,20201228,IBM
12490,20201229,IBM
12490,20201230,IBM
12490,20201231,IBM
13407,20201201,FB
13407,20201202,FB
13407,20201203,FB
13407,20201204,FB
13407,20201207,FB
13407,20201208,FB
13407,20201209,FB
13407,20201210,FB
13407,20201211,FB
13407,20201214,FB
13407,20201215,FB
13407,20201216,FB
13407,20201217,FB
13407,20201218,FB
13407,20201221,FB
13407,20201222,FB
13407,20201223,FB
13407,20201224,FB
13407,20201228,FB
13407,20201229,FB
13407,20201230,FB
13407,20201231,FB
13901,20201201,MO
13901,20201202,MO
13901,20201203,MO
13901,20201204,MO
13901,20201207,MO
13901,20201208,MO
13901,20201209,MO
13901,20201210,MO
13901,20201211,MO
13901,20201214,MO
13901,20201215,MO
13901,20201216,MO
13901,20201217,MO
13901,20201218,MO
13901,20201221,MO
13901,20201222,MO
13901,20201223,MO
13901,20201224,MO
13901,20201228,MO
13901,20201229,MO
13901,20201230,MO
13901,20201231,MO
14328,20201201,AMC
14328,20201202,AMC
14328,20201203,AMC
14328,20201204,AMC
14328,20201207,AMC
14328,20201208,AMC
14328,20201209,AMC
14328,20201210,AMC
14328,20201211,AMC
14328,20201214,AMC
14328,20201215,AMC
14328,20201216,AMC
14328,20201217,AMC
14328,20201218,AMC
14328,20201221,AMC
14328,20201222,AMC
14328,20201223,AMC
14328,20201224,AMC
14328,20201228,AMC
14328,20201229,AMC
14328,20201230,AMC
14328,20201231,AMC
14593,20201201,AAPL
14593,20201202,AAPL
14593,20201203,AAPL
14593,20201204,AAPL
14593,20201207,AAPL
14593,20201208,AAPL
14593,20201209,AAPL
14593,20201210,AAPL
14593,20201211,AAPL
14593,20201214,AAPL
14593,20201215,AAPL
14593,20201216,AAPL
14593,20201217,AAPL
14593,20201218,AAPL
14593,20201221,AAPL
14593,20201222,AAPL
14593,20201223,AAPL
14593,20201224,AAPL
14593,20201228,AAPL
14593,20201229,AAPL
14593,20201230,AAPL
14593,20201231,AAPL
14655,20201201,JD
14655,20201202,JD
14655,20201203,JD
14655,20201204,JD
14655,20201207,JD
14655,20201208,JD
14655,20201209,JD
14655,20201210,JD
14655,20201211,JD
14655,20201214,JD
14655,20201215,JD
14655,20201216,JD
14655,20201217,JD
14655,20201218,JD
14655,20201221,JD
14655,20201222,JD
14655,20201223,JD
14655,20201224,JD
14655,20201228,JD
14655,20201229,JD
14655,20201230,JD
14655,20201231,JD
14702,20201201,AMAT
14702,20201202,AMAT
14702,20201203,AMAT
14702,20201204,AMAT
14702,20201207,AMAT
14702,20201208,AMAT
14702,20201209,AMAT
14702,20201210,AMAT
14702,20201211,AMAT
14702,20201214,AMAT
14702,20201215,AMAT
14702,20201216,AMAT
14702,20201217,AMAT
14702,20201218,AMAT
14702,20201221,AMAT
14702,20201222,AMAT
14702,20201223,AMAT
14702,20201224,AMAT
14702,20201228,AMAT
14702,20201229,AMAT
14702,20201230,AMAT
14702,20201231,AMAT
14813,20201201,MARA
14813,20201202,MARA
14813,20201203,MARA
14813,20201204,MARA
14813,20201207,MARA
14813,20201208,MARA
14813,20201209,MARA
14813,20201210,MARA
14813,20201211,MARA
14813,20201214,MARA
14813,20201215,MARA
14813,20201216,MARA
14813,20201217,MARA
14813,20201218,MARA
14813,20201221,MARA
14813,20201222,MARA
14813,20201223,MARA
14813,20201224,MARA
14813,20201228,MARA
14813,20201229,MARA
14813,20201230,MARA
14813,20201231,MARA
14888,20201201,BABA
14888,20201202,BABA
14888,20201203,BABA
14888,20201204,BABA
14888,20201207,BABA
14888,20201208,BABA
14888,20201209,BABA
14888,20201210,BABA
14888,20201211,BABA
14888,20201214,BABA
14888,20201215,BABA
14888,20201216,BABA
14888,20201217,BABA
14888,20201218,BABA
14888,20201221,BABA
14888,20201222,BABA
14888,20201223,BABA
14888,20201224,BABA
14888,20201228,BABA
14888,20201229,BABA
14888,20201230,BABA
14888,20201231,BABA
15069,20201201,MRO
15069,20201202,MRO
15069,20201203,MRO
15069,20201204,MRO
15069,20201207,MRO
15069,20201208,MRO
15069,20201209,MRO
15069,20201210,MRO
15069,20201211,MRO
15069,20201214,MRO
15069,20201215,MRO
15069,20201216,MRO
15069,20201217,MRO
15069,20201218,MRO
15069,20201221,MRO
15069,20201222,MRO
15069,20201223,MRO
15069,20201224,MRO
15069,20201228,MRO
15069,20201229,MRO
15069,20201230,MRO
15069,20201231,MRO
15826,20201201,SQ
15826,20201202,SQ
15826,20201203,SQ
15826,20201204,SQ
15826,20201207,SQ
15826,20201208,SQ
15826,20201209,SQ
15826,20201210,SQ
15826,20201211,SQ
15826,20201214,SQ
15826,20201215,SQ
15826,20201216,SQ
15826,20201217,SQ
15826,20201218,SQ
15826,20201221,SQ
15826,20201222,SQ
15826,20201223,SQ
15826,20201224,SQ
15826,20201228,SQ
15826,20201229,SQ
15826,20201230,SQ
15826,20201231,SQ
16595,20201201,SNAP
16595,20201202,SNAP
16595,20201203,SNAP
16595,20201204,SNAP
16595,20201207,SNAP
16595,20201208,SNAP
16595,20201209,SNAP
16595,20201210,SNAP
16595,20201211,SNAP
16595,20201214,SNAP
16595,20201215,SNAP
16595,20201216,SNAP
16595,20201217,SNAP
16595,20201218,SNAP
16595,20201221,SNAP
16595,20201222,SNAP
16595,20201223,SNAP
16595,20201224,SNAP
16595,20201228,SNAP
16595,20201229,SNAP
16595,20201230,SNAP
16595,20201231,SNAP
16932,20201201,ROKU
16932,20201202,ROKU
16932,20201203,ROKU
16932,20201204,ROKU
16932,20201207,ROKU
16932,20201208,ROKU
16932,20201209,ROKU
16932,20201210,ROKU
16932,20201211,ROKU
16932,20201214,ROKU
16932,20201215,ROKU
16932,20201216,ROKU
16932,20201217,ROKU
16932,20201218,ROKU
16932,20201221,ROKU
16932,20201222,ROKU
16932,20201223,ROKU
16932,20201224,ROKU
16932,20201228,ROKU
16932,20201229,ROKU
16932,20201230,ROKU
16932,20201231,ROKU
17362,20201201,IQ
17362,20201202,IQ
17362,20201203,IQ
17362,20201204,IQ
17362,20201207,IQ
17362,20201208,IQ
17362,20201209,IQ
17362,20201210,IQ
17362,20201211,IQ
17362,20201214,IQ
17362,20201215,IQ
17362,20201216,IQ
17362,20201217,IQ
17362,20201218,IQ
17362,20201221,IQ
17362,20201222,IQ
17362,20201223,IQ
17362,20201224,IQ
17362,20201228,IQ
17362,20201229,IQ
17362,20201230,IQ
17362,20201231,IQ
17977,20201201,TLRY
17977,20201202,TLRY
17977,20201203,TLRY
17977,20201204,TLRY
17977,20201207,TLRY
17977,20201208,TLRY
17977,20201209,TLRY
17977,20201210,TLRY
17977,20201211,TLRY
17977,20201214,TLRY
17977,20201215,TLRY
17977,20201216,TLRY
17977,20201217,TLRY
17977,20201218,TLRY
17977,20201221,TLRY
17977,20201222,TLRY
17977,20201223,TLRY
17977,20201224,TLRY
17977,20201228,TLRY
17977,20201229,TLRY
17977,20201230,TLRY
17977,20201231,TLRY
18077,20201201,FTCH
18077,20201202,FTCH
18077,20201203,FTCH
18077,20201204,FTCH
18077,20201207,FTCH
18077,20201208,FTCH
18077,20201209,FTCH
18077,20201210,FTCH
18077,20201211,FTCH
18077,20201214,FTCH
18077,20201215,FTCH
18077,20201216,FTCH
18077,20201217,FTCH
18077,20201218,FTCH
18077,20201221,FTCH
18077,20201222,FTCH
18077,20201223,FTCH
18077,20201224,FTCH
18077,20201228,FTCH
18077,20201229,FTCH
18077,20201230,FTCH
18077,20201231,FTCH
18087,20201201,NIO
18087,20201202,NIO
18087,20201203,NIO
18087,20201204,NIO
18087,20201207,NIO
18087,20201208,NIO
18087,20201209,NIO
18087,20201210,NIO
18087,20201211,NIO
18087,20201214,NIO
18087,20201215,NIO
18087,20201216,NIO
18087,20201217,NIO
18087,20201218,NIO
18087,20201221,NIO
18087,20201222,NIO
18087,20201223,NIO
18087,20201224,NIO
18087,20201228,NIO
18087,20201229,NIO
18087,20201230,NIO
18087,20201231,NIO
18299,20201201,TME
18299,20201202,TME
18299,20201203,TME
18299,20201204,TME
18299,20201207,TME
18299,20201208,TME
18299,20201209,TME
18299,20201210,TME
18299,20201211,TME
18299,20201214,TME
18299,20201215,TME
18299,20201216,TME
18299,20201217,TME
18299,20201218,TME
18299,20201221,TME
18299,20201222,TME
18299,20201223,TME
18299,20201224,TME
18299,20201228,TME
18299,20201229,TME
18299,20201230,TME
18299,20201231,TME
18466,20201201,FUTU
18466,20201202,FUTU
18466,20201203,FUTU
18466,20201204,FUTU
18466,20201207,FUTU
18466,20201208,FUTU
18466,20201209,FUTU
18466,20201210,FUTU
18466,20201211,FUTU
18466,20201214,FUTU
18466,20201215,FUTU
18466,20201216,FUTU
18466,20201217,FUTU
18466,20201218,FUTU
18466,20201221,FUTU
18466,20201222,FUTU
18466,20201223,FUTU
18466,20201224,FUTU
18466,20201228,FUTU
18466,20201229,FUTU
18466,20201230,FUTU
18466,20201231,FUTU
18743,20201201,GSX
18743,20201202,GSX
18743,20201203,GSX
18743,20201204,GSX
18743,20201207,GSX
18743,20201208,GSX
18743,20201209,GSX
18743,20201210,GSX
18743,20201211,GSX
18743,20201214,GSX
18743,20201215,GSX
18743,20201216,GSX
18743,20201217,GSX
18743,20201218,GSX
18743,20201221,GSX
18743,20201222,GSX
18743,20201223,GSX
18743,20201224,GSX
18743,20201228,GSX
18743,20201229,GSX
18743,20201230,GSX
18743,20201231,GSX
18835,20201201,DKNG
18835,20201202,DKNG
18835,20201203,DKNG
18835,20201204,DKNG
18835,20201207,DKNG
18835,20201208,DKNG
18835,20201209,DKNG
18835,20201210,DKNG
18835,20201211,DKNG
18835,20201214,DKNG
18835,20201215,DKNG
18835,20201216,DKNG
18835,20201217,DKNG
18835,20201218,DKNG
18835,20201221,DKNG
18835,20201222,DKNG
18835,20201223,DKNG
18835,20201224,DKNG
18835,20201228,DKNG
18835,20201229,DKNG
18835,20201230,DKNG
18835,20201231,DKNG
19561,20201201,BA
19561,20201202,BA
19561,20201203,BA
19561,20201204,BA
19561,20201207,BA
19561,20201208,BA
19561,20201209,BA
19561,20201210,BA
19561,20201211,BA
19561,20201214,BA
19561,20201215,BA
19561,20201216,BA
19561,20201217,BA
19561,20201218,BA
19561,20201221,BA
19561,20201222,BA
19561,20201223,BA
19561,20201224,BA
19561,20201228,BA
19561,20201229,BA
19561,20201230,BA
19561,20201231,BA
19577,20201201,RKT
19577,20201202,RKT
19577,20201203,RKT
19577,20201204,RKT
19577,20201207,RKT
19577,20201208,RKT
19577,20201209,RKT
19577,20201210,RKT
19577,20201211,RKT
19577,20201214,RKT
19577,20201215,RKT
19577,20201216,RKT
19577,20201217,RKT
19577,20201218,RKT
19577,20201221,RKT
19577,20201222,RKT
19577,20201223,RKT
19577,20201224,RKT
19577,20201228,RKT
19577,20201229,RKT
19577,20201230,RKT
19577,20201231,RKT
19615,20201201,XPEV
19615,20201202,XPEV
19615,20201203,XPEV
19615,20201204,XPEV
19615,20201207,XPEV
19615,20201208,XPEV
19615,20201209,XPEV
19615,20201210,XPEV
19615,20201211,XPEV
19615,20201214,XPEV
19615,20201215,XPEV
19615,20201216,XPEV
19615,20201217,XPEV
19615,20201218,XPEV
19615,20201221,XPEV
19615,20201222,XPEV
19615,20201223,XPEV
19615,20201224,XPEV
19615,20201228,XPEV
19615,20201229,XPEV
19615,20201230,XPEV
19615,20201231,XPEV
19751,20201201,CCIV
19751,20201202,CCIV
19751,20201203,CCIV
19751,20201204,CCIV
19751,20201207,CCIV
19751,20201208,CCIV
19751,20201209,CCIV
19751,20201210,CCIV
19751,20201211,CCIV
19751,20201214,CCIV
19751,20201215,CCIV
19751,20201216,CCIV
19751,20201217,CCIV
19751,20201218,CCIV
19751,20201221,CCIV
19751,20201222,CCIV
19751,20201223,CCIV
19751,20201224,CCIV
19751,20201228,CCIV
19751,20201229,CCIV
19751,20201230,CCIV
19751,20201231,CCIV
19788,20201201,PLTR
19788,20201202,PLTR
19788,20201203,PLTR
19788,20201204,PLTR
19788,20201207,PLTR
19788,20201208,PLTR
19788,20201209,PLTR
19788,20201210,PLTR
19788,20201211,PLTR
19788,20201214,PLTR
19788,20201215,PLTR
19788,20201216,PLTR
19788,20201217,PLTR
19788,20201218,PLTR
19788,20201221,PLTR
19788,20201222,PLTR
19788,20201223,PLTR
19788,20201224,PLTR
19788,20201228,PLTR
19788,20201229,PLTR
19788,20201230,PLTR
19788,20201231,PLTR
19893,20201201,FUBO
19893,20201202,FUBO
19893,20201203,FUBO
19893,20201204,FUBO
19893,20201207,FUBO
19893,20201208,FUBO
19893,20201209,FUBO
19893,20201210,FUBO
19893,20201211,FUBO
19893,20201214,FUBO
19893,20201215,FUBO
19893,20201216,FUBO
19893,20201217,FUBO
19893,20201218,FUBO
19893,20201221,FUBO
19893,20201222,FUBO
19893,20201223,FUBO
19893,20201224,FUBO
19893,20201228,FUBO
19893,20201229,FUBO
19893,20201230,FUBO
19893,20201231,FUBO
21020,20201201,AAL
21020,20201202,AAL
21020,20201203,AAL
21020,20201204,AAL
21020,20201207,AAL
21020,20201208,AAL
21020,20201209,AAL
21020,20201210,AAL
21020,20201211,AAL
21020,20201214,AAL
21020,20201215,AAL
21020,20201216,AAL
21020,20201217,AAL
21020,20201218,AAL
21020,20201221,AAL
21020,20201222,AAL
21020,20201223,AAL
21020,20201224,AAL
21020,20201228,AAL
21020,20201229,AAL
21020,20201230,AAL
21020,20201231,AAL
21936,20201201,PFE
21936,20201202,PFE
21936,20201203,PFE
21936,20201204,PFE
21936,20201207,PFE
21936,20201208,PFE
21936,20201209,PFE
21936,20201210,PFE
21936,20201211,PFE
21936,20201214,PFE
21936,20201215,PFE
21936,20201216,PFE
21936,20201217,PFE
21936,20201218,PFE
21936,20201221,PFE
21936,20201222,PFE
21936,20201223,PFE
21936,20201224,PFE
21936,20201228,PFE
21936,20201229,PFE
21936,20201230,PFE
21936,20201231,PFE
25785,20201201,F
25785,20201202,F
25785,20201203,F
25785,20201204,F
25785,20201207,F
25785,20201208,F
25785,20201209,F
25785,20201210,F
25785,20201211,F
25785,20201214,F
25785,20201215,F
25785,20201216,F
25785,20201217,F
25785,20201218,F
25785,20201221,F
25785,20201222,F
25785,20201223,F
25785,20201224,F
25785,20201228,F
25785,20201229,F
25785,20201230,F
25785,20201231,F
26403,20201201,DIS
26403,20201202,DIS
26403,20201203,DIS
26403,20201204,DIS
26403,20201207,DIS
26403,20201208,DIS
26403,20201209,DIS
26403,20201210,DIS
26403,20201211,DIS
26403,20201214,DIS
26403,20201215,DIS
26403,20201216,DIS
26403,20201217,DIS
26403,20201218,DIS
26403,20201221,DIS
26403,20201222,DIS
26403,20201223,DIS
26403,20201224,DIS
26403,20201228,DIS
26403,20201229,DIS
26403,20201230,DIS
26403,20201231,DIS
27422,20201201,CLF
27422,20201202,CLF
27422,20201203,CLF
27422,20201204,CLF
27422,20201207,CLF
27422,20201208,CLF
27422,20201209,CLF
27422,20201210,CLF
27422,20201211,CLF
27422,20201214,CLF
27422,20201215,CLF
27422,20201216,CLF
27422,20201217,CLF
27422,20201218,CLF
27422,20201221,CLF
27422,20201222,CLF
27422,20201223,CLF
27422,20201224,CLF
27422,20201228,CLF
27422,20201229,CLF
27422,20201230,CLF
27422,20201231,CLF
30796,20201201,GFI
30796,20201202,GFI
30796,20201203,GFI
30796,20201204,GFI
30796,20201207,GFI
30796,20201208,GFI
30796,20201209,GFI
30796,20201210,GFI
30796,20201211,GFI
30796,20201214,GFI
30796,20201215,GFI
30796,20201216,GFI
30796,20201217,GFI
30796,20201218,GFI
30796,20201221,GFI
30796,20201222,GFI
30796,20201223,GFI
30796,20201224,GFI
30796,20201228,GFI
30796,20201229,GFI
30796,20201230,GFI
30796,20201231,GFI
38703,20201201,WFC
38703,20201202,WFC
38703,20201203,WFC
38703,20201204,WFC
38703,20201207,WFC
38703,20201208,WFC
38703,20201209,WFC
38703,20201210,WFC
38703,20201211,WFC
38703,20201214,WFC
38703,20201215,WFC
38703,20201216,WFC
38703,20201217,WFC
38703,20201218,WFC
38703,20201221,WFC
38703,20201222,WFC
38703,20201223,WFC
38703,20201224,WFC
38703,20201228,WFC
38703,20201229,WFC
38703,20201230,WFC
38703,20201231,WFC
47896,20201201,JPM
47896,20201202,JPM
47896,20201203,JPM
47896,20201204,JPM
47896,20201207,JPM
47896,20201208,JPM
47896,20201209,JPM
47896,20201210,JPM
47896,20201211,JPM
47896,20201214,JPM
47896,20201215,JPM
47896,20201216,JPM
47896,20201217,JPM
47896,20201218,JPM
47896,20201221,JPM
47896,20201222,JPM
47896,20201223,JPM
47896,20201224,JPM
47896,20201228,JPM
47896,20201229,JPM
47896,20201230,JPM
47896,20201231,JPM
53613,20201201,MU
53613,20201202,MU
53613,20201203,MU
53613,20201204,MU
53613,20201207,MU
53613,20201208,MU
53613,20201209,MU
53613,20201210,MU
53613,20201211,MU
53613,20201214,MU
53613,20201215,MU
53613,20201216,MU
53613,20201217,MU
53613,20201218,MU
53613,20201221,MU
53613,20201222,MU
53613,20201223,MU
53613,20201224,MU
53613,20201228,MU
53613,20201229,MU
53613,20201230,MU
53613,20201231,MU
55976,20201201,WMT
55976,20201202,WMT
55976,20201203,WMT
55976,20201204,WMT
55976,20201207,WMT
55976,20201208,WMT
55976,20201209,WMT
55976,20201210,WMT
55976,20201211,WMT
55976,20201214,WMT
55976,20201215,WMT
55976,20201216,WMT
55976,20201217,WMT
55976,20201218,WMT
55976,20201221,WMT
55976,20201222,WMT
55976,20201223,WMT
55976,20201224,WMT
55976,20201228,WMT
55976,20201229,WMT
55976,20201230,WMT
55976,20201231,WMT
59328,20201201,INTC
59328,20201202,INTC
59328,20201203,INTC
59328,20201204,INTC
59328,20201207,INTC
59328,20201208,INTC
59328,20201209,INTC
59328,20201210,INTC
59328,20201211,INTC
59328,20201214,INTC
59328,20201215,INTC
59328,20201216,INTC
59328,20201217,INTC
59328,20201218,INTC
59328,20201221,INTC
59328,20201222,INTC
59328,20201223,INTC
59328,20201224,INTC
59328,20201228,INTC
59328,20201229,INTC
59328,20201230,INTC
59328,20201231,INTC
59408,20201201,BAC
59408,20201202,BAC
59408,20201203,BAC
59408,20201204,BAC
59408,20201207,BAC
59408,20201208,BAC
59408,20201209,BAC
59408,20201210,BAC
59408,20201211,BAC
59408,20201214,BAC
59408,20201215,BAC
59408,20201216,BAC
59408,20201217,BAC
59408,20201218,BAC
59408,20201221,BAC
59408,20201222,BAC
59408,20201223,BAC
59408,20201224,BAC
59408,20201228,BAC
59408,20201229,BAC
59408,20201230,BAC
59408,20201231,BAC
60206,20201201,SNA
60206,20201202,SNA
60206,20201203,SNA
60206,20201204,SNA
60206,20201207,SNA
60206,20201208,SNA
60206,20201209,SNA
60206,20201210,SNA
60206,20201211,SNA
60206,20201214,SNA
60206,20201215,SNA
60206,20201216,SNA
60206,20201217,SNA
60206,20201218,SNA
60206,20201221,SNA
60206,20201222,SNA
60206,20201223,SNA
60206,20201224,SNA
60206,20201228,SNA
60206,20201229,SNA
60206,20201230,SNA
60206,20201231,SNA
61241,20201201,AMD
61241,20201202,AMD
61241,20201203,AMD
61241,20201204,AMD
61241,20201207,AMD
61241,20201208,AMD
61241,20201209,AMD
61241,20201210,AMD
61241,20201211,AMD
61241,20201214,AMD
61241,20201215,AMD
61241,20201216,AMD
61241,20201217,AMD
61241,20201218,AMD
61241,20201221,AMD
61241,20201222,AMD
61241,20201223,AMD
61241,20201224,AMD
61241,20201228,AMD
61241,20201229,AMD
61241,20201230,AMD
61241,20201231,AMD
66093,20201201,T
66093,20201202,T
66093,20201203,T
66093,20201204,T
66093,20201207,T
66093,20201208,T
66093,20201209,T
66093,20201210,T
66093,20201211,T
66093,20201214,T
66093,20201215,T
66093,20201216,T
66093,20201217,T
66093,20201218,T
66093,20201221,T
66093,20201222,T
66093,20201223,T
66093,20201224,T
66093,20201228,T
66093,20201229,T
66093,20201230,T
66093,20201231,T
71298,20201201,GOLD
71298,20201202,GOLD
71298,20201203,GOLD
71298,20201204,GOLD
71298,20201207,GOLD
71298,20201208,GOLD
71298,20201209,GOLD
71298,20201210,GOLD
71298,20201211,GOLD
71298,20201214,GOLD
71298,20201215,GOLD
71298,20201216,GOLD
71298,20201217,GOLD
71298,20201218,GOLD
71298,20201221,GOLD
71298,20201222,GOLD
71298,20201223,GOLD
71298,20201224,GOLD
71298,20201228,GOLD
71298,20201229,GOLD
71298,20201230,GOLD
71298,20201231,GOLD
75154,20201201,CCL
75154,20201202,CCL
75154,20201203,CCL
75154,20201204,CCL
75154,20201207,CCL
75154,20201208,CCL
75154,20201209,CCL
75154,20201210,CCL
75154,20201211,CCL
75154,20201214,CCL
75154,20201215,CCL
75154,20201216,CCL
75154,20201217,CCL
75154,20201218,CCL
75154,20201221,CCL
75154,20201222,CCL
75154,20201223,CCL
75154,20201224,CCL
75154,20201228,CCL
75154,20201229,CCL
75154,20201230,CCL
75154,20201231,CCL
76076,20201201,CSCO
76076,20201202,CSCO
76076,20201203,CSCO
76076,20201204,CSCO
76076,20201207,CSCO
76076,20201208,CSCO
76076,20201209,CSCO
76076,20201210,CSCO
76076,20201211,CSCO
76076,20201214,CSCO
76076,20201215,CSCO
76076,20201216,CSCO
76076,20201217,CSCO
76076,20201218,CSCO
76076,20201221,CSCO
76076,20201222,CSCO
76076,20201223,CSCO
76076,20201224,CSCO
76076,20201228,CSCO
76076,20201229,CSCO
76076,20201230,CSCO
76076,20201231,CSCO
76226,20201201,VIAC
76226,20201202,VIAC
76226,20201203,VIAC
76226,20201204,VIAC
76226,20201207,VIAC
76226,20201208,VIAC
76226,20201209,VIAC
76226,20201210,VIAC
76226,20201211,VIAC
76226,20201214,VIAC
76226,20201215,VIAC
76226,20201216,VIAC
76226,20201217,VIAC
76226,20201218,VIAC
76226,20201221,VIAC
76226,20201222,VIAC
76226,20201223,VIAC
76226,20201224,VIAC
76226,20201228,VIAC
76226,20201229,VIAC
76226,20201230,VIAC
76226,20201231,VIAC
76644,20201201,X
76644,20201202,X
76644,20201203,X
76644,20201204,X
76644,20201207,X
76644,20201208,X
76644,20201209,X
76644,20201210,X
76644,20201211,X
76644,20201214,X
76644,20201215,X
76644,20201216,X
76644,20201217,X
76644,20201218,X
76644,20201221,X
76644,20201222,X
76644,20201223,X
76644,20201224,X
76644,20201228,X
76644,20201229,X
76644,20201230,X
76644,20201231,X
77462,20201201,M
77462,20201202,M
77462,20201203,M
77462,20201204,M
77462,20201207,M
77462,20201208,M
77462,20201209,M
77462,20201210,M
77462,20201211,M
77462,20201214,M
77462,20201215,M
77462,20201216,M
77462,20201217,M
77462,20201218,M
77462,20201221,M
77462,20201222,M
77462,20201223,M
77462,20201224,M
77462,20201228,M
77462,20201229,M
77462,20201230,M
77462,20201231,M
81774,20201201,FCX
81774,20201202,FCX
81774,20201203,FCX
81774,20201204,FCX
81774,20201207,FCX
81774,20201208,FCX
81774,20201209,FCX
81774,20201210,FCX
81774,20201211,FCX
81774,20201214,FCX
81774,20201215,FCX
81774,20201216,FCX
81774,20201217,FCX
81774,20201218,FCX
81774,20201221,FCX
81774,20201222,FCX
81774,20201223,FCX
81774,20201224,FCX
81774,20201228,FCX
81774,20201229,FCX
81774,20201230,FCX
81774,20201231,FCX
84788,20201201,AMZN
84788,20201202,AMZN
84788,20201203,AMZN
84788,20201204,AMZN
84788,20201207,AMZN
84788,20201208,AMZN
84788,20201209,AMZN
84788,20201210,AMZN
84788,20201211,AMZN
84788,20201214,AMZN
84788,20201215,AMZN
84788,20201216,AMZN
84788,20201217,AMZN
84788,20201218,AMZN
84788,20201221,AMZN
84788,20201222,AMZN
84788,20201223,AMZN
84788,20201224,AMZN
84788,20201228,AMZN
84788,20201229,AMZN
84788,20201230,AMZN
84788,20201231,AMZN
86580,20201201,NVDA
86580,20201202,NVDA
86580,20201203,NVDA
86580,20201204,NVDA
86580,20201207,NVDA
86580,20201208,NVDA
86580,20201209,NVDA
86580,20201210,NVDA
86580,20201211,NVDA
86580,20201214,NVDA
86580,20201215,NVDA
86580,20201216,NVDA
86580,20201217,NVDA
86580,20201218,NVDA
86580,20201221,NVDA
86580,20201222,NVDA
86580,20201223,NVDA
86580,20201224,NVDA
86580,20201228,NVDA
86580,20201229,NVDA
86580,20201230,NVDA
86580,20201231,NVDA
87128,20201201,NOK
87128,20201202,NOK
87128,20201203,NOK
87128,20201204,NOK
87128,20201207,NOK
87128,20201208,NOK
87128,20201209,NOK
87128,20201210,NOK
87128,20201211,NOK
87128,20201214,NOK
87128,20201215,NOK
87128,20201216,NOK
87128,20201217,NOK
87128,20201218,NOK
87128,20201221,NOK
87128,20201222,NOK
87128,20201223,NOK
87128,20201224,NOK
87128,20201228,NOK
87128,20201229,NOK
87128,20201230,NOK
87128,20201231,NOK
89301,20201201,GME
89301,20201202,GME
89301,20201203,GME
89301,20201204,GME
89301,20201207,GME
89301,20201208,GME
89301,20201209,GME
89301,20201210,GME
89301,20201211,GME
89301,20201214,GME
89301,20201215,GME
89301,20201216,GME
89301,20201217,GME
89301,20201218,GME
89301,20201221,GME
89301,20201222,GME
89301,20201223,GME
89301,20201224,GME
89301,20201228,GME
89301,20201229,GME
89301,20201230,GME
89301,20201231,GME
89393,20201201,NFLX
89393,20201202,NFLX
89393,20201203,NFLX
89393,20201204,NFLX
89393,20201207,NFLX
89393,20201208,NFLX
89393,20201209,NFLX
89393,20201210,NFLX
89393,20201211,NFLX
89393,20201214,NFLX
89393,20201215,NFLX
89393,20201216,NFLX
89393,20201217,NFLX
89393,20201218,NFLX
89393,20201221,NFLX
89393,20201222,NFLX
89393,20201223,NFLX
89393,20201224,NFLX
89393,20201228,NFLX
89393,20201229,NFLX
89393,20201230,NFLX
89393,20201231,NFLX
90805,20201201,DISCA
90805,20201202,DISCA
90805,20201203,DISCA
90805,20201204,DISCA
90805,20201207,DISCA
90805,20201208,DISCA
90805,20201209,DISCA
90805,20201210,DISCA
90805,20201211,DISCA
90805,20201214,DISCA
90805,20201215,DISCA
90805,20201216,DISCA
90805,20201217,DISCA
90805,20201218,DISCA
90805,20201221,DISCA
90805,20201222,DISCA
90805,20201223,DISCA
90805,20201224,DISCA
90805,20201228,DISCA
90805,20201229,DISCA
90805,20201230,DISCA
90805,20201231,DISCA
90857,20201201,BIDU
90857,20201202,BIDU
90857,20201203,BIDU
90857,20201204,BIDU
90857,20201207,BIDU
90857,20201208,BIDU
90857,20201209,BIDU
90857,20201210,BIDU
90857,20201211,BIDU
90857,20201214,BIDU
90857,20201215,BIDU
90857,20201216,BIDU
90857,20201217,BIDU
90857,20201218,BIDU
90857,20201221,BIDU
90857,20201222,BIDU
90857,20201223,BIDU
90857,20201224,BIDU
90857,20201228,BIDU
90857,20201229,BIDU
90857,20201230,BIDU
90857,20201231,BIDU
92213,20201201,RIOT
92213,20201202,RIOT
92213,20201203,RIOT
92213,20201204,RIOT
92213,20201207,RIOT
92213,20201208,RIOT
92213,20201209,RIOT
92213,20201210,RIOT
92213,20201211,RIOT
92213,20201214,RIOT
92213,20201215,RIOT
92213,20201216,RIOT
92213,20201217,RIOT
92213,20201218,RIOT
92213,20201221,RIOT
92213,20201222,RIOT
92213,20201223,RIOT
92213,20201224,RIOT
92213,20201228,RIOT
92213,20201229,RIOT
92213,20201230,RIOT
92213,20201231,RIOT
93436,20201201,TSLA
93436,20201202,TSLA
93436,20201203,TSLA
93436,20201204,TSLA
93436,20201207,TSLA
93436,20201208,TSLA
93436,20201209,TSLA
93436,20201210,TSLA
93436,20201211,TSLA
93436,20201214,TSLA
93436,20201215,TSLA
93436,20201216,TSLA
93436,20201217,TSLA
93436,20201218,TSLA
93436,20201221,TSLA
93436,20201222,TSLA
93436,20201223,TSLA
93436,20201224,TSLA
93436,20201228,TSLA
93436,20201229,TSLA
93436,20201230,TSLA
93436,20201231,TSLA
